Number,Code,Event Name
1,XY9G-2R3T-ZZ93,My Photo Event
2,XY9G-HGQY-0WPA,My Photo Event
3,XY9G-QZHA-7XUJ,My Photo Event
4,XY9G-DLFS-HJ4G,My Photo Event
5,XY9G-UWC1-UFZ8,My Photo Event
6,XY9G-3GMY-1TNF,My Photo Event
7,XY9G-PW44-21UN,My Photo Event
8,XY9G-E0YB-XBAE,My Photo Event
9,XY9G-4C8M-2H9B,My Photo Event
10,XY9G-FFAU-Y6CX,My Photo Event
11,XY9G-2U57-VCA5,My Photo Event
12,XY9G-LN3L-BJPV,My Photo Event
13,XY9G-3IKF-N4NS,My Photo Event
14,XY9G-FC3G-JS2J,My Photo Event
15,XY9G-CEF6-ZWTZ,My Photo Event
16,XY9G-DPNJ-WZL3,My Photo Event
17,XY9G-54QI-C61J,My Photo Event
18,XY9G-NRHB-JPC6,My Photo Event
19,XY9G-WNKH-MC3N,My Photo Event
20,XY9G-KGS3-MVIS,My Photo Event
21,XY9G-1M2F-8Z11,My Photo Event
22,XY9G-L1Z0-ANTD,My Photo Event
23,XY9G-85YC-RGK3,My Photo Event
24,XY9G-82RP-DLIV,My Photo Event
25,XY9G-NG7E-V1Z5,My Photo Event
26,XY9G-FXJ3-X1ZB,My Photo Event
27,XY9G-3I97-BDVN,My Photo Event
28,XY9G-L008-KK96,My Photo Event
29,XY9G-A1LO-3I4W,My Photo Event
30,XY9G-NZNK-CP9U,My Photo Event
31,XY9G-XXQ0-UNYQ,My Photo Event
32,XY9G-431B-RPED,My Photo Event
33,XY9G-437C-W1SQ,My Photo Event
34,XY9G-UUR1-G9FB,My Photo Event
35,XY9G-P4BN-7FKK,My Photo Event
36,XY9G-5LJ7-KCG4,My Photo Event
37,XY9G-Y7WB-R6N2,My Photo Event
38,XY9G-94Y4-UEQK,My Photo Event
39,XY9G-5RVC-H0RC,My Photo Event
40,XY9G-QUH4-NV4S,My Photo Event
41,XY9G-MKYF-5DK1,My Photo Event
42,XY9G-CK9Y-XXG9,My Photo Event
43,XY9G-2NO2-ZWZR,My Photo Event
44,XY9G-UDHX-DMX1,My Photo Event
45,XY9G-6TEI-1CGI,My Photo Event
46,XY9G-5GND-QR7H,My Photo Event
47,XY9G-Y2LW-9JDO,My Photo Event
48,XY9G-SFL8-HANE,My Photo Event
49,XY9G-3OS7-FUOS,My Photo Event
50,XY9G-N0B2-OORF,My Photo Event
51,XY9G-RD4P-8176,My Photo Event
52,XY9G-WBJ4-BZS3,My Photo Event
53,XY9G-354Q-ILXA,My Photo Event
54,XY9G-XO23-5974,My Photo Event
55,XY9G-S0X7-EKR3,My Photo Event
56,XY9G-IVO6-2VRI,My Photo Event
57,XY9G-FDIZ-E2SI,My Photo Event
58,XY9G-1V8D-9BVH,My Photo Event
59,XY9G-6D07-SAVJ,My Photo Event
60,XY9G-75JE-WIZN,My Photo Event
61,XY9G-H45P-6CTK,My Photo Event
62,XY9G-PYW7-EQVR,My Photo Event
63,XY9G-7HET-6ZG9,My Photo Event
64,XY9G-8NDO-JJ6G,My Photo Event
65,XY9G-87PE-AK3N,My Photo Event
66,XY9G-UE7M-IKFN,My Photo Event
67,XY9G-QTSD-EJQB,My Photo Event
68,XY9G-ZKPJ-FRRT,My Photo Event
69,XY9G-LN7R-G80C,My Photo Event
70,XY9G-5DUO-RF2H,My Photo Event
71,XY9G-2PI3-USFA,My Photo Event
72,XY9G-KC46-YGUR,My Photo Event
73,XY9G-9YY4-MXWJ,My Photo Event
74,XY9G-OBQB-STPQ,My Photo Event
75,XY9G-RSIO-P5MC,My Photo Event
76,XY9G-YUW6-6ICE,My Photo Event
77,XY9G-X9BS-989Q,My Photo Event
78,XY9G-1JGZ-JTL1,My Photo Event
79,XY9G-X63U-EI6Y,My Photo Event
80,XY9G-FB5B-YQ2J,My Photo Event
81,XY9G-1LVW-DZWD,My Photo Event
82,XY9G-NH1N-TAH2,My Photo Event
83,XY9G-6ZDT-F5RP,My Photo Event
84,XY9G-L9RJ-28W2,My Photo Event
85,XY9G-BDW4-FREQ,My Photo Event
86,XY9G-YXBQ-MJNT,My Photo Event
87,XY9G-4YXD-7UW6,My Photo Event
88,XY9G-PQ2D-51ET,My Photo Event
89,XY9G-BF3F-2DXU,My Photo Event
90,XY9G-ADWS-HINR,My Photo Event
91,XY9G-WRDL-I3C4,My Photo Event
92,XY9G-ZKSE-XO1C,My Photo Event
93,XY9G-XHJZ-U4LM,My Photo Event
94,XY9G-8WE4-3FW4,My Photo Event
95,XY9G-OH1S-K918,My Photo Event
96,XY9G-WWG4-E0XD,My Photo Event
97,XY9G-OEZJ-CB54,My Photo Event
98,XY9G-XQ5C-F8DC,My Photo Event
99,XY9G-0FWN-J8M3,My Photo Event
100,XY9G-V23V-L2R5,My Photo Event
